{"mean": [0.21260474622249603, 0.07653550803661346, 0.18260346353054047], "std": [0.2794255018234253, 0.1220870390534401, 0.1852213442325592]}